Workbook

Sheet preguntas
A1: Pregunta | B1: De que trata | C1: I1 | D1: I2 | E1: puntos | F1: Individual | H1: INDICADOR | I1: % | J1: Columna1 | K1: PREGUNTAS
A2: I.1 | B2: Entidad débil | C2: 1.1 | D2: 3.3 | E2: 3 | F2: =Tabla1[[#This Row],[puntos]]/COUNTA(Tabla1[[#This Row],[I1]:[I2]]) -> 1.5 | H2: 1.1 | I2: =SUMIF(Tabla1[I1],Tabla2[[#This Row],[INDICADOR]],Tabla1[Individual])+SUMIF(Tabla1[I2],Tabla2[[#This Row],[INDICADOR]],Tabla1[Individual]) -> 20 | J2: =COUNTIF(Tabla1[I1],Tabla2[[#This Row],[INDICADOR]])+COUNTIF(Tabla1[I2],Tabla2[[#This Row],[INDICADOR]]) -> 10 | K2: {=IF(Tabla2[[#This Row],[%]]<>0,_xlfn.TEXTJOIN(", ", TRUE(), _xlfn._xlws.FILTER(Tabla1[Pregunta], (Tabla1[I1]=Tabla2[[#This Row],[INDICADOR]]) + (Tabla1[I2]=Tabla2[[#This Row],[INDICADOR]]))),"")} -> I.1, I.3, I.6, I.7, I.8, I.10, I.11, I.14, II.2, II.4
A3: I.2 | B3: Integridad referencial | C3: 2.2 | E3: 3 | F3: =Tabla1[[#This Row],[puntos]]/COUNTA(Tabla1[[#This Row],[I1]:[I2]]) -> 3 | H3: 1.2 | I3: =SUMIF(Tabla1[I1],Tabla2[[#This Row],[INDICADOR]],Tabla1[Individual])+SUMIF(Tabla1[I2],Tabla2[[#This Row],[INDICADOR]],Tabla1[Individual]) -> 5 | J3: =COUNTIF(Tabla1[I1],Tabla2[[#This Row],[INDICADOR]])+COUNTIF(Tabla1[I2],Tabla2[[#This Row],[INDICADOR]]) -> 2 | K3: {=IF(Tabla2[[#This Row],[%]]<>0,_xlfn.TEXTJOIN(", ", TRUE(), _xlfn._xlws.FILTER(Tabla1[Pregunta], (Tabla1[I1]=Tabla2[[#This Row],[INDICADOR]]) + (Tabla1[I2]=Tabla2[[#This Row],[INDICADOR]]))),"")} -> I.5, II.3
A4: I.3 | B4: Atributo derivado | C4: 1.1 | E4: 3 | F4: =Tabla1[[#This Row],[puntos]]/COUNTA(Tabla1[[#This Row],[I1]:[I2]]) -> 3 | H4: 1.3 | I4: =SUMIF(Tabla1[I1],Tabla2[[#This Row],[INDICADOR]],Tabla1[Individual])+SUMIF(Tabla1[I2],Tabla2[[#This Row],[INDICADOR]],Tabla1[Individual]) -> 0 | J4: =COUNTIF(Tabla1[I1],Tabla2[[#This Row],[INDICADOR]])+COUNTIF(Tabla1[I2],Tabla2[[#This Row],[INDICADOR]]) -> 0 | K4: {=IF(Tabla2[[#This Row],[%]]<>0,_xlfn.TEXTJOIN(", ", TRUE(), _xlfn._xlws.FILTER(Tabla1[Pregunta], (Tabla1[I1]=Tabla2[[#This Row],[INDICADOR]]) + (Tabla1[I2]=Tabla2[[#This Row],[INDICADOR]]))),"")}
A5: I.4 | B5: ROLLBACK sin savepoint | C5: 4.1 | E5: 3 | F5: =Tabla1[[#This Row],[puntos]]/COUNTA(Tabla1[[#This Row],[I1]:[I2]]) -> 3 | H5: 2.1 | I5: =SUMIF(Tabla1[I1],Tabla2[[#This Row],[INDICADOR]],Tabla1[Individual])+SUMIF(Tabla1[I2],Tabla2[[#This Row],[INDICADOR]],Tabla1[Individual]) -> 13 | J5: =COUNTIF(Tabla1[I1],Tabla2[[#This Row],[INDICADOR]])+COUNTIF(Tabla1[I2],Tabla2[[#This Row],[INDICADOR]]) -> 2 | K5: {=IF(Tabla2[[#This Row],[%]]<>0,_xlfn.TEXTJOIN(", ", TRUE(), _xlfn._xlws.FILTER(Tabla1[Pregunta], (Tabla1[I1]=Tabla2[[#This Row],[INDICADOR]]) + (Tabla1[I2]=Tabla2[[#This Row],[INDICADOR]]))),"")} -> I.9, III.2
A6: I.5 | B6: Proyección (π) → SELECT | C6: 1.2 | E6: 3 | F6: =Tabla1[[#This Row],[puntos]]/COUNTA(Tabla1[[#This Row],[I1]:[I2]]) -> 3 | H6: 2.2 | I6: =SUMIF(Tabla1[I1],Tabla2[[#This Row],[INDICADOR]],Tabla1[Individual])+SUMIF(Tabla1[I2],Tabla2[[#This Row],[INDICADOR]],Tabla1[Individual]) -> 3 | J6: =COUNTIF(Tabla1[I1],Tabla2[[#This Row],[INDICADOR]])+COUNTIF(Tabla1[I2],Tabla2[[#This Row],[INDICADOR]]) -> 1 | K6: {=IF(Tabla2[[#This Row],[%]]<>0,_xlfn.TEXTJOIN(", ", TRUE(), _xlfn._xlws.FILTER(Tabla1[Pregunta], (Tabla1[I1]=Tabla2[[#This Row],[INDICADOR]]) + (Tabla1[I2]=Tabla2[[#This Row],[INDICADOR]]))),"")} -> I.2
A7: I.6 | B7: Relación vehículo–dueños (N:N) | C7: 1.1 | D7: 3.3 | E7: 3 | F7: =Tabla1[[#This Row],[puntos]]/COUNTA(Tabla1[[#This Row],[I1]:[I2]]) -> 1.5 | H7: 2.3 | I7: =SUMIF(Tabla1[I1],Tabla2[[#This Row],[INDICADOR]],Tabla1[Individual])+SUMIF(Tabla1[I2],Tabla2[[#This Row],[INDICADOR]],Tabla1[Individual]) -> 0 | J7: =COUNTIF(Tabla1[I1],Tabla2[[#This Row],[INDICADOR]])+COUNTIF(Tabla1[I2],Tabla2[[#This Row],[INDICADOR]]) -> 0 | K7: {=IF(Tabla2[[#This Row],[%]]<>0,_xlfn.TEXTJOIN(", ", TRUE(), _xlfn._xlws.FILTER(Tabla1[Pregunta], (Tabla1[I1]=Tabla2[[#This Row],[INDICADOR]]) + (Tabla1[I2]=Tabla2[[#This Row],[INDICADOR]]))),"")}
A8: I.7 | B8: Atributo multivaluado → tabla 1:N | C8: 1.1 | D8: 3.3 | E8: 3 | F8: =Tabla1[[#This Row],[puntos]]/COUNTA(Tabla1[[#This Row],[I1]:[I2]]) -> 1.5 | H8: 3.1 | I8: =SUMIF(Tabla1[I1],Tabla2[[#This Row],[INDICADOR]],Tabla1[Individual])+SUMIF(Tabla1[I2],Tabla2[[#This Row],[INDICADOR]],Tabla1[Individual]) -> 0 | J8: =COUNTIF(Tabla1[I1],Tabla2[[#This Row],[INDICADOR]])+COUNTIF(Tabla1[I2],Tabla2[[#This Row],[INDICADOR]]) -> 0 | K8: {=IF(Tabla2[[#This Row],[%]]<>0,_xlfn.TEXTJOIN(", ", TRUE(), _xlfn._xlws.FILTER(Tabla1[Pregunta], (Tabla1[I1]=Tabla2[[#This Row],[INDICADOR]]) + (Tabla1[I2]=Tabla2[[#This Row],[INDICADOR]]))),"")}
A9: I.8 | B9: Atributo compuesto → columnas | C9: 1.1 | E9: 3 | F9: =Tabla1[[#This Row],[puntos]]/COUNTA(Tabla1[[#This Row],[I1]:[I2]]) -> 3 | H9: 3.2 | I9: =SUMIF(Tabla1[I1],Tabla2[[#This Row],[INDICADOR]],Tabla1[Individual])+SUMIF(Tabla1[I2],Tabla2[[#This Row],[INDICADOR]],Tabla1[Individual]) -> 0 | J9: =COUNTIF(Tabla1[I1],Tabla2[[#This Row],[INDICADOR]])+COUNTIF(Tabla1[I2],Tabla2[[#This Row],[INDICADOR]]) -> 0 | K9: {=IF(Tabla2[[#This Row],[%]]<>0,_xlfn.TEXTJOIN(", ", TRUE(), _xlfn._xlws.FILTER(Tabla1[Pregunta], (Tabla1[I1]=Tabla2[[#This Row],[INDICADOR]]) + (Tabla1[I2]=Tabla2[[#This Row],[INDICADOR]]))),"")}
A10: I.9 | B10: Tipo de dato TIMESTAMP | C10: 2.1 | E10: 3 | F10: =Tabla1[[#This Row],[puntos]]/COUNTA(Tabla1[[#This Row],[I1]:[I2]]) -> 3 | H10: 3.3 | I10: =SUMIF(Tabla1[I1],Tabla2[[#This Row],[INDICADOR]],Tabla1[Individual])+SUMIF(Tabla1[I2],Tabla2[[#This Row],[INDICADOR]],Tabla1[Individual]) -> 19.5 | J10: =COUNTIF(Tabla1[I1],Tabla2[[#This Row],[INDICADOR]])+COUNTIF(Tabla1[I2],Tabla2[[#This Row],[INDICADOR]]) -> 6 | K10: {=IF(Tabla2[[#This Row],[%]]<>0,_xlfn.TEXTJOIN(", ", TRUE(), _xlfn._xlws.FILTER(Tabla1[Pregunta], (Tabla1[I1]=Tabla2[[#This Row],[INDICADOR]]) + (Tabla1[I2]=Tabla2[[#This Row],[INDICADOR]]))),"")} -> I.1, I.6, I.7, I.11, II.4, III.1
A11: I.10 | B11: Características BD relacionales | C11: 1.1 | E11: 3 | F11: =Tabla1[[#This Row],[puntos]]/COUNTA(Tabla1[[#This Row],[I1]:[I2]]) -> 3 | H11: 4.1 | I11: =SUMIF(Tabla1[I1],Tabla2[[#This Row],[INDICADOR]],Tabla1[Individual])+SUMIF(Tabla1[I2],Tabla2[[#This Row],[INDICADOR]],Tabla1[Individual]) -> 5 | J11: =COUNTIF(Tabla1[I1],Tabla2[[#This Row],[INDICADOR]])+COUNTIF(Tabla1[I2],Tabla2[[#This Row],[INDICADOR]]) -> 2 | K11: {=IF(Tabla2[[#This Row],[%]]<>0,_xlfn.TEXTJOIN(", ", TRUE(), _xlfn._xlws.FILTER(Tabla1[Pregunta], (Tabla1[I1]=Tabla2[[#This Row],[INDICADOR]]) + (Tabla1[I2]=Tabla2[[#This Row],[INDICADOR]]))),"")} -> I.4, II.5
A12: I.11 | B12: ISA total y exclusiva | C12: 1.1 | D12: 3.3 | E12: 3 | F12: =Tabla1[[#This Row],[puntos]]/COUNTA(Tabla1[[#This Row],[I1]:[I2]]) -> 1.5 | H12: 4.2 | I12: =SUMIF(Tabla1[I1],Tabla2[[#This Row],[INDICADOR]],Tabla1[Individual])+SUMIF(Tabla1[I2],Tabla2[[#This Row],[INDICADOR]],Tabla1[Individual]) -> 0 | J12: =COUNTIF(Tabla1[I1],Tabla2[[#This Row],[INDICADOR]])+COUNTIF(Tabla1[I2],Tabla2[[#This Row],[INDICADOR]]) -> 0 | K12: {=IF(Tabla2[[#This Row],[%]]<>0,_xlfn.TEXTJOIN(", ", TRUE(), _xlfn._xlws.FILTER(Tabla1[Pregunta], (Tabla1[I1]=Tabla2[[#This Row],[INDICADOR]]) + (Tabla1[I2]=Tabla2[[#This Row],[INDICADOR]]))),"")}
A13: I.12 | B13: Modelo conceptual vs lógico | C13: 5.3 | D13: 5.4 | E13: 3 | F13: =Tabla1[[#This Row],[puntos]]/COUNTA(Tabla1[[#This Row],[I1]:[I2]]) -> 1.5 | H13: 4.3 | I13: =SUMIF(Tabla1[I1],Tabla2[[#This Row],[INDICADOR]],Tabla1[Individual])+SUMIF(Tabla1[I2],Tabla2[[#This Row],[INDICADOR]],Tabla1[Individual]) -> 0 | J13: =COUNTIF(Tabla1[I1],Tabla2[[#This Row],[INDICADOR]])+COUNTIF(Tabla1[I2],Tabla2[[#This Row],[INDICADOR]]) -> 0 | K13: {=IF(Tabla2[[#This Row],[%]]<>0,_xlfn.TEXTJOIN(", ", TRUE(), _xlfn._xlws.FILTER(Tabla1[Pregunta], (Tabla1[I1]=Tabla2[[#This Row],[INDICADOR]]) + (Tabla1[I2]=Tabla2[[#This Row],[INDICADOR]]))),"")}
A14: I.13 | B14: Data Lake vs DW | C14: 5.1 | E14: 3 | F14: =Tabla1[[#This Row],[puntos]]/COUNTA(Tabla1[[#This Row],[I1]:[I2]]) -> 3 | H14: 4.4 | I14: =SUMIF(Tabla1[I1],Tabla2[[#This Row],[INDICADOR]],Tabla1[Individual])+SUMIF(Tabla1[I2],Tabla2[[#This Row],[INDICADOR]],Tabla1[Individual]) -> 0 | J14: =COUNTIF(Tabla1[I1],Tabla2[[#This Row],[INDICADOR]])+COUNTIF(Tabla1[I2],Tabla2[[#This Row],[INDICADOR]]) -> 0 | K14: {=IF(Tabla2[[#This Row],[%]]<>0,_xlfn.TEXTJOIN(", ", TRUE(), _xlfn._xlws.FILTER(Tabla1[Pregunta], (Tabla1[I1]=Tabla2[[#This Row],[INDICADOR]]) + (Tabla1[I2]=Tabla2[[#This Row],[INDICADOR]]))),"")}
A15: I.14 | B15: Dominio en el modelo relacional | C15: 1.1 | E15: 3 | F15: =Tabla1[[#This Row],[puntos]]/COUNTA(Tabla1[[#This Row],[I1]:[I2]]) -> 3 | H15: 4.5 | I15: =SUMIF(Tabla1[I1],Tabla2[[#This Row],[INDICADOR]],Tabla1[Individual])+SUMIF(Tabla1[I2],Tabla2[[#This Row],[INDICADOR]],Tabla1[Individual]) -> 0 | J15: =COUNTIF(Tabla1[I1],Tabla2[[#This Row],[INDICADOR]])+COUNTIF(Tabla1[I2],Tabla2[[#This Row],[INDICADOR]]) -> 0 | K15: {=IF(Tabla2[[#This Row],[%]]<>0,_xlfn.TEXTJOIN(", ", TRUE(), _xlfn._xlws.FILTER(Tabla1[Pregunta], (Tabla1[I1]=Tabla2[[#This Row],[INDICADOR]]) + (Tabla1[I2]=Tabla2[[#This Row],[INDICADOR]]))),"")}
A16: I.15 | B16: Problema de falta de estructura | C16: 5.2 | D16: 5.3 | E16: 3 | F16: =Tabla1[[#This Row],[puntos]]/COUNTA(Tabla1[[#This Row],[I1]:[I2]]) -> 1.5 | H16: 5.1 | I16: =SUMIF(Tabla1[I1],Tabla2[[#This Row],[INDICADOR]],Tabla1[Individual])+SUMIF(Tabla1[I2],Tabla2[[#This Row],[INDICADOR]],Tabla1[Individual]) -> 5 | J16: =COUNTIF(Tabla1[I1],Tabla2[[#This Row],[INDICADOR]])+COUNTIF(Tabla1[I2],Tabla2[[#This Row],[INDICADOR]]) -> 2 | K16: {=IF(Tabla2[[#This Row],[%]]<>0,_xlfn.TEXTJOIN(", ", TRUE(), _xlfn._xlws.FILTER(Tabla1[Pregunta], (Tabla1[I1]=Tabla2[[#This Row],[INDICADOR]]) + (Tabla1[I2]=Tabla2[[#This Row],[INDICADOR]]))),"")} -> I.13, II.1
A17: II.1 | B17: DROP TABLE elimina tabla | C17: 5.1 | E17: 2 | F17: =Tabla1[[#This Row],[puntos]]/COUNTA(Tabla1[[#This Row],[I1]:[I2]]) -> 2 | H17: 5.2 | I17: =SUMIF(Tabla1[I1],Tabla2[[#This Row],[INDICADOR]],Tabla1[Individual])+SUMIF(Tabla1[I2],Tabla2[[#This Row],[INDICADOR]],Tabla1[Individual]) -> 1.5 | J17: =COUNTIF(Tabla1[I1],Tabla2[[#This Row],[INDICADOR]])+COUNTIF(Tabla1[I2],Tabla2[[#This Row],[INDICADOR]]) -> 1 | K17: {=IF(Tabla2[[#This Row],[%]]<>0,_xlfn.TEXTJOIN(", ", TRUE(), _xlfn._xlws.FILTER(Tabla1[Pregunta], (Tabla1[I1]=Tabla2[[#This Row],[INDICADOR]]) + (Tabla1[I2]=Tabla2[[#This Row],[INDICADOR]]))),"")} -> I.15
A18: II.2 | B18: Relación N:N implementada con FK directa | C18: 1.1 | D18: 5.4 | E18: 2 | F18: =Tabla1[[#This Row],[puntos]]/COUNTA(Tabla1[[#This Row],[I1]:[I2]]) -> 1 | H18: 5.3 | I18: =SUMIF(Tabla1[I1],Tabla2[[#This Row],[INDICADOR]],Tabla1[Individual])+SUMIF(Tabla1[I2],Tabla2[[#This Row],[INDICADOR]],Tabla1[Individual]) -> 15.5 | J18: =COUNTIF(Tabla1[I1],Tabla2[[#This Row],[INDICADOR]])+COUNTIF(Tabla1[I2],Tabla2[[#This Row],[INDICADOR]]) -> 3 | K18: {=IF(Tabla2[[#This Row],[%]]<>0,_xlfn.TEXTJOIN(", ", TRUE(), _xlfn._xlws.FILTER(Tabla1[Pregunta], (Tabla1[I1]=Tabla2[[#This Row],[INDICADOR]]) + (Tabla1[I2]=Tabla2[[#This Row],[INDICADOR]]))),"")} -> I.12, I.15, III.1
A19: II.3 | B19: Selección reduce columnas | C19: 1.2 | E19: 2 | F19: =Tabla1[[#This Row],[puntos]]/COUNTA(Tabla1[[#This Row],[I1]:[I2]]) -> 2 | H19: 5.4 | I19: =SUMIF(Tabla1[I1],Tabla2[[#This Row],[INDICADOR]],Tabla1[Individual])+SUMIF(Tabla1[I2],Tabla2[[#This Row],[INDICADOR]],Tabla1[Individual]) -> 12.5 | J19: =COUNTIF(Tabla1[I1],Tabla2[[#This Row],[INDICADOR]])+COUNTIF(Tabla1[I2],Tabla2[[#This Row],[INDICADOR]]) -> 3 | K19: {=IF(Tabla2[[#This Row],[%]]<>0,_xlfn.TEXTJOIN(", ", TRUE(), _xlfn._xlws.FILTER(Tabla1[Pregunta], (Tabla1[I1]=Tabla2[[#This Row],[INDICADOR]]) + (Tabla1[I2]=Tabla2[[#This Row],[INDICADOR]]))),"")} -> I.12, II.2, III.2
A20: II.4 | B20: Entidad débil depende de otra | C20: 1.1 | D20: 3.3 | E20: 2 | F20: =Tabla1[[#This Row],[puntos]]/COUNTA(Tabla1[[#This Row],[I1]:[I2]]) -> 1 | H20: 5.5 | I20: =SUMIF(Tabla1[I1],Tabla2[[#This Row],[INDICADOR]],Tabla1[Individual])+SUMIF(Tabla1[I2],Tabla2[[#This Row],[INDICADOR]],Tabla1[Individual]) -> 0 | J20: =COUNTIF(Tabla1[I1],Tabla2[[#This Row],[INDICADOR]])+COUNTIF(Tabla1[I2],Tabla2[[#This Row],[INDICADOR]]) -> 0 | K20: {=IF(Tabla2[[#This Row],[%]]<>0,_xlfn.TEXTJOIN(", ", TRUE(), _xlfn._xlws.FILTER(Tabla1[Pregunta], (Tabla1[I1]=Tabla2[[#This Row],[INDICADOR]]) + (Tabla1[I2]=Tabla2[[#This Row],[INDICADOR]]))),"")}
A21: II.5 | B21: DDL se confirma sin COMMIT | C21: 4.1 | E21: 2 | F21: =Tabla1[[#This Row],[puntos]]/COUNTA(Tabla1[[#This Row],[I1]:[I2]]) -> 2 | H21: 5.6 | I21: =SUMIF(Tabla1[I1],Tabla2[[#This Row],[INDICADOR]],Tabla1[Individual])+SUMIF(Tabla1[I2],Tabla2[[#This Row],[INDICADOR]],Tabla1[Individual]) -> 0 | J21: =COUNTIF(Tabla1[I1],Tabla2[[#This Row],[INDICADOR]])+COUNTIF(Tabla1[I2],Tabla2[[#This Row],[INDICADOR]]) -> 0 | K21: {=IF(Tabla2[[#This Row],[%]]<>0,_xlfn.TEXTJOIN(", ", TRUE(), _xlfn._xlws.FILTER(Tabla1[Pregunta], (Tabla1[I1]=Tabla2[[#This Row],[INDICADOR]]) + (Tabla1[I2]=Tabla2[[#This Row],[INDICADOR]]))),"")}
A22: III.1 | B22: Modelo E/R biblioteca | C22: 5.3 | D22: 3.3 | E22: 25 | F22: =Tabla1[[#This Row],[puntos]]/COUNTA(Tabla1[[#This Row],[I1]:[I2]]) -> 12.5 | H22: 5.7 | I22: =SUMIF(Tabla1[I1],Tabla2[[#This Row],[INDICADOR]],Tabla1[Individual])+SUMIF(Tabla1[I2],Tabla2[[#This Row],[INDICADOR]],Tabla1[Individual]) -> 0 | J22: =COUNTIF(Tabla1[I1],Tabla2[[#This Row],[INDICADOR]])+COUNTIF(Tabla1[I2],Tabla2[[#This Row],[INDICADOR]]) -> 0 | K22: {=IF(Tabla2[[#This Row],[%]]<>0,_xlfn.TEXTJOIN(", ", TRUE(), _xlfn._xlws.FILTER(Tabla1[Pregunta], (Tabla1[I1]=Tabla2[[#This Row],[INDICADOR]]) + (Tabla1[I2]=Tabla2[[#This Row],[INDICADOR]]))),"")}
A23: III.2 | B23: SQL creación tablas | C23: 2.1 | D23: 5.4 | E23: 20 | F23: =Tabla1[[#This Row],[puntos]]/COUNTA(Tabla1[[#This Row],[I1]:[I2]]) -> 10 | H23: 5.8 | I23: =SUMIF(Tabla1[I1],Tabla2[[#This Row],[INDICADOR]],Tabla1[Individual])+SUMIF(Tabla1[I2],Tabla2[[#This Row],[INDICADOR]],Tabla1[Individual]) -> 0 | J23: =COUNTIF(Tabla1[I1],Tabla2[[#This Row],[INDICADOR]])+COUNTIF(Tabla1[I2],Tabla2[[#This Row],[INDICADOR]]) -> 0 | K23: {=IF(Tabla2[[#This Row],[%]]<>0,_xlfn.TEXTJOIN(", ", TRUE(), _xlfn._xlws.FILTER(Tabla1[Pregunta], (Tabla1[I1]=Tabla2[[#This Row],[INDICADOR]]) + (Tabla1[I2]=Tabla2[[#This Row],[INDICADOR]]))),"")}
E24: =SUBTOTAL(109,Tabla1[puntos]) -> 100 | H24: 5.9 | I24: =SUMIF(Tabla1[I1],Tabla2[[#This Row],[INDICADOR]],Tabla1[Individual])+SUMIF(Tabla1[I2],Tabla2[[#This Row],[INDICADOR]],Tabla1[Individual]) -> 0 | J24: =COUNTIF(Tabla1[I1],Tabla2[[#This Row],[INDICADOR]])+COUNTIF(Tabla1[I2],Tabla2[[#This Row],[INDICADOR]]) -> 0 | K24: {=IF(Tabla2[[#This Row],[%]]<>0,_xlfn.TEXTJOIN(", ", TRUE(), _xlfn._xlws.FILTER(Tabla1[Pregunta], (Tabla1[I1]=Tabla2[[#This Row],[INDICADOR]]) + (Tabla1[I2]=Tabla2[[#This Row],[INDICADOR]]))),"")}
I25: =SUBTOTAL(109,Tabla2[%]) -> 100

Sheet Detalle de IE
A1: REQUERIMIENTO | B1: INDICADOR DE DESEMPEÑO | C1: % | D1: PREGUNTAS
A2: R 4.1 | B2: IE1 | C2: =preguntas!I2 -> 20 | D2: =preguntas!K2 -> I.1, I.3, I.6, I.7, I.8, I.10, I.11, I.14, II.2, II.4
B3: IE2 | C3: =preguntas!I3 -> 5 | D3: =preguntas!K3 -> I.5, II.3
B4: IE3 | D4: No será evaluado
C5: =SUM(C2:C4) -> 25
A7: REQUERIMIENTO | B7: INDICADOR DE DESEMPEÑO | C7: % | D7: PREGUNTAS
A8: R 4.2 | B8: IE1 | C8: =preguntas!I5 -> 13 | D8: =preguntas!K5 -> I.9, III.2
B9: IE2 | C9: =preguntas!I6 -> 3 | D9: =preguntas!K6 -> I.2
B10: IE3 | C10: =preguntas!I7 -> 0 | D10: =preguntas!K7
C11: =SUM(C8:C10) -> 16
A13: REQUERIMIENTO | B13: INDICADOR DE DESEMPEÑO | C13: % | D13: PREGUNTAS
A14: R 4.3 | B14: IE1 | C14: =preguntas!I8 -> 0 | D14: =preguntas!K8
B15: IE2 | C15: =preguntas!I9 -> 0 | D15: =preguntas!K9
B16: IE3 | C16: =preguntas!I10 -> 19.5 | D16: =preguntas!K10 -> I.1, I.6, I.7, I.11, II.4, III.1
C17: =SUM(C14:C16) -> 19.5
A19: REQUERIMIENTO | B19: INDICADOR DE DESEMPEÑO | C19: % | D19: PREGUNTAS
A20: R 4.4 | B20: IE1 | C20: =preguntas!I11 -> 5 | D20: =preguntas!K11 -> I.4, II.5
B21: IE2 | C21: =preguntas!I12 -> 0 | D21: =preguntas!K12
B22: IE3 | C22: =preguntas!I13 -> 0 | D22: =preguntas!K13
B23: IE4 | C23: =preguntas!I14 -> 0 | D23: =preguntas!K14
B24: IE5 | C24: =preguntas!I15 -> 0 | D24: =preguntas!K15
C25: =SUM(C20:C24) -> 5
A27: REQUERIMIENTO | B27: INDICADOR DE DESEMPEÑO | C27: % | D27: PREGUNTAS
A28: R 4.5 | B28: IE1 | C28: =preguntas!I16 -> 5 | D28: =preguntas!K16 -> I.13, II.1
B29: IE2 | C29: =preguntas!I17 -> 1.5 | D29: =preguntas!K17 -> I.15
B30: IE3 | C30: =preguntas!I18 -> 15.5 | D30: =preguntas!K18 -> I.12, I.15, III.1
B31: IE4 | C31: =preguntas!I19 -> 12.5 | D31: =preguntas!K19 -> I.12, II.2, III.2
B32: IE5 | C32: =preguntas!I20 -> 0 | D32: =preguntas!K20
B33: IE6 | C33: =preguntas!I21 -> 0 | D33: =preguntas!K21
B34: IE7 | C34: =preguntas!I22 -> 0 | D34: =preguntas!K22
B35: IE8 | C35: =preguntas!I23 -> 0 | D35: =preguntas!K23
B36: IE9 | C36: =preguntas!I24 -> 0 | D36: =preguntas!K24
C37: =SUM(C28:C36) -> 34.5
