Workbook

Sheet Puntajes
A1: NOMBRE | B1: PUNTAJES | F1: BONUS | J1: TOTAL | K1: NOTA
B2: ITEM I | C2: ITEM II | D2: ITEM III.1 | E2: ITEM III.2 | F2: III.2 | G2: 1 | H2: 2 | I2: 3
A3: ALIAGA HERRERA CRISTIAN DANIEL | B3: ='Indicadores de desempeño'!Q3 -> 39 | C3: ='Indicadores de desempeño'!W3 -> 6 | D3: ='Indicadores de desempeño'!X3 -> 22 | E3: ='Indicadores de desempeño'!Y3 -> 18 | J3: =SUM(B3:I3) -> 85 | K3: =VLOOKUP(J3,Notas!A:B,2,0) -> 5.9 | L3: 5.7
A4: DEL VALLE CAREVIC CARLOS MANUEL | B4: ='Indicadores de desempeño'!Q4 -> 36 | C4: ='Indicadores de desempeño'!W4 -> 8 | D4: ='Indicadores de desempeño'!X4 -> 22 | E4: ='Indicadores de desempeño'!Y4 -> 10 | J4: =SUM(B4:I4) -> 76 | K4: =VLOOKUP(J4,Notas!A:B,2,0) -> 5.2 | L4: 5.1
A5: GAETE CHAVEZ ANGELO SEBASTIAN | B5: ='Indicadores de desempeño'!Q5 -> 36 | C5: ='Indicadores de desempeño'!W5 -> 6 | D5: ='Indicadores de desempeño'!X5 -> 18 | E5: ='Indicadores de desempeño'!Y5 -> 14 | J5: =SUM(B5:I5) -> 74 | K5: =VLOOKUP(J5,Notas!A:B,2,0) -> 5.1 | L5: 4.9
A6: HUENTUTRIPAI FUENTEALBA THIARE DANIELA | B6: ='Indicadores de desempeño'!Q6 -> 30 | C6: ='Indicadores de desempeño'!W6 -> 10 | D6: ='Indicadores de desempeño'!X6 -> 19 | E6: ='Indicadores de desempeño'!Y6 -> 13 | I6: 2 | J6: =SUM(B6:I6) -> 74 | K6: =VLOOKUP(J6,Notas!A:B,2,0) -> 5.1 | L6: 4.9
A7: NAVIA BARRERA JUAN IGNACIO | B7: ='Indicadores de desempeño'!Q7 -> 33 | C7: ='Indicadores de desempeño'!W7 -> 4 | D7: ='Indicadores de desempeño'!X7 -> 10 | E7: ='Indicadores de desempeño'!Y7 -> 15 | J7: =SUM(B7:I7) -> 62 | K7: =VLOOKUP(J7,Notas!A:B,2,0) -> 4.2 | L7: 4
A8: NUÑEZ SOTO CRISTIÁN AUGUSTO | B8: ='Indicadores de desempeño'!Q8 -> 27 | C8: ='Indicadores de desempeño'!W8 -> 4 | D8: ='Indicadores de desempeño'!X8 -> 19 | E8: ='Indicadores de desempeño'!Y8 -> 15 | J8: =SUM(B8:I8) -> 65 | K8: =VLOOKUP(J8,Notas!A:B,2,0) -> 4.4 | L8: 4.2
A9: SALGADO VIDAL DIEGO IGNACIO | B9: ='Indicadores de desempeño'!Q9 -> 30 | C9: ='Indicadores de desempeño'!W9 -> 6 | D9: ='Indicadores de desempeño'!X9 -> 13 | E9: ='Indicadores de desempeño'!Y9 -> 14 | I9: 2 | J9: =SUM(B9:I9) -> 65 | K9: =VLOOKUP(J9,Notas!A:B,2,0) -> 4.4 | L9: 4.2
A10: VASQUEZ GOMEZ NICOLAS HERNAN | B10: ='Indicadores de desempeño'!Q10 -> 36 | C10: ='Indicadores de desempeño'!W10 -> 6 | D10: ='Indicadores de desempeño'!X10 -> 17 | E10: ='Indicadores de desempeño'!Y10 -> 19 | G10: 2 | I10: 2 | J10: =SUM(B10:I10) -> 82 | K10: =VLOOKUP(J10,Notas!A:B,2,0) -> 5.7 | L10: 5.5
A11: VEROIZA AVELLO FELIPE ANDRÉS | B11: ='Indicadores de desempeño'!Q11 -> 42 | C11: ='Indicadores de desempeño'!W11 -> 8 | D11: ='Indicadores de desempeño'!X11 -> 14 | E11: ='Indicadores de desempeño'!Y11 -> 20 | F11: 1 | J11: =SUM(B11:I11) -> 85 | K11: =VLOOKUP(J11,Notas!A:B,2,0) -> 5.9 | L11: 5.7
A12: ZULOAGA RIVERA ALONSO ANTONIO | B12: ='Indicadores de desempeño'!Q12 -> 36 | C12: ='Indicadores de desempeño'!W12 -> 7 | D12: ='Indicadores de desempeño'!X12 -> 12 | E12: ='Indicadores de desempeño'!Y12 -> 9 | I12: 2 | J12: =SUM(B12:I12) -> 66 | K12: =VLOOKUP(J12,Notas!A:B,2,0) -> 4.5 | L12: 4.3
A13: ZUÑIGA FICA ROBERTO NICOLÁS | B13: ='Indicadores de desempeño'!Q13 -> 33 | C13: ='Indicadores de desempeño'!W13 -> 5 | D13: ='Indicadores de desempeño'!X13 -> 12 | E13: ='Indicadores de desempeño'!Y13 -> 14 | H13: 1 | J13: =SUM(B13:I13) -> 65 | K13: =VLOOKUP(J13,Notas!A:B,2,0) -> 4.4 | L13: 4.2
J14: =AVERAGE(J3:J13) -> 72.636364 | K14: =AVERAGE(K3:K13) -> 4.9818182

Sheet Indicadores de desempeño
A1: NOMBRE | B1: ITEM I | R1: ITEM II | X1: ITEM III | AA1: TOTAL | AC1: R4.1 | AE1: R4.2 | AG1: R4.3 | AH1: R4.4 | AI1: R4.5 | AM1: TOTAL | AO1: R4.1 | AQ1: R4.2 | AS1: R4.3 | AT1: R4.4 | AU1: R4.5 | AY1: TOTAL
B2: 1 | C2: 2 | D2: 3 | E2: 4 | F2: 5 | G2: 6 | H2: 7 | I2: 8 | J2: 9 | K2: 10 | L2: 11 | M2: 12 | N2: 13 | O2: 14 | P2: 15 | Q2: T | R2: 1 | S2: 2 | T2: 3 | U2: 4 | V2: 5 | W2: T | X2: 1 | Y2: 2 | Z2: T | AC2: IE 1 | AD2: IE2 | AE2: IE 1 | AF2: IE2 | AG2: IE 3 | AH2: IE 1 | AI2: IE 1 | AJ2: IE2 | AK2: IE 3 | AL2: IE4 | AO2: IE 1 | AP2: IE2 | AQ2: IE 1 | AR2: IE2 | AS2: IE 3 | AT2: IE 1 | AU2: IE 1 | AV2: IE2 | AW2: IE 3 | AX2: IE4
A3: ALIAGA HERRERA CRISTIAN DANIEL | F3: X | G3: X | Q3: =(15-COUNTA(B3:P3))*3 -> 39 | R3: 2 | S3: 2 | U3: 2 | W3: =SUM(R3:V3) -> 6 | X3: 22 | Y3: 18 | Z3: =SUM(X3:Y3) -> 40 | AA3: =Q3+W3+Z3 -> 85 | AC3: =IF(B3="",1.5,0)+IF(D3="",3,0)+IF(G3="",1.5,0)+IF(H3="",1.5,0)+IF(I3="",3,0)+IF(K3="",3,0)+IF(L3="",1.5,0)+IF(O3="",3,0)+S3/2+U3/2 -> 18.5 | AD3: =IF(F3="",3,0)+T3 -> 0 | AE3: =IF(J3="",3,0)+Y3/2 -> 12 | AF3: =IF(C3="",3,0) -> 3 | AG3: =IF(B3="",1.5,0)+IF(G3="",1.5,0)+IF(H3="",1.5,0)+IF(L3="",1.5,0)+U3/2+X3/2 -> 16.5 | AH3: =IF(E3="",3,0)+V3 -> 3 | AI3: =IF(N3="",3,0)+R3 -> 5 | AJ3: =IF(P3="",1.5,0) -> 1.5 | AK3: =IF(M3="",1.5,0)+IF(P3="",1.5,0)+X3/2 -> 14 | AL3: =IF(M3="",1.5,0)+S3/2+Y3/2 -> 11.5 | AM3: =SUM(AC3:AL3) -> 85 | AO3: =AC3/AC$18 -> 0.925 | AP3: =AD3/AD$18 -> 0 | AQ3: =AE3/AE$18 -> 0.92307692 | AR3: =AF3/AF$18 -> 1 | AS3: =AG3/AG$18 -> 0.84615385 | AT3: =AH3/AH$18 -> 0.6 | AU3: =AI3/AI$18 -> 1 | AV3: =AJ3/AJ$18 -> 1 | ... AY3: =AM3/AM$18 -> 0.85
A4: DEL VALLE CAREVIC CARLOS MANUEL | D4: X | F4: X | G4: X | Q4: =(15-COUNTA(B4:P4))*3 -> 36 | R4: 2 | S4: 2 | U4: 2 | V4: 2 | W4: =SUM(R4:V4) -> 8 | X4: 22 | Y4: 10 | Z4: =SUM(X4:Y4) -> 32 | AA4: =Q4+W4+Z4 -> 76 | AC4: =IF(B4="",1.5,0)+IF(D4="",3,0)+IF(G4="",1.5,0)+IF(H4="",1.5,0)+IF(I4="",3,0)+IF(K4="",3,0)+IF(L4="",1.5,0)+IF(O4="",3,0)+S4/2+U4/2 -> 15.5 | AD4: =IF(F4="",3,0)+T4 -> 0 | AE4: =IF(J4="",3,0)+Y4/2 -> 8 | AF4: =IF(C4="",3,0) -> 3 | AG4: =IF(B4="",1.5,0)+IF(G4="",1.5,0)+IF(H4="",1.5,0)+IF(L4="",1.5,0)+U4/2+X4/2 -> 16.5 | AH4: =IF(E4="",3,0)+V4 -> 5 | AI4: =IF(N4="",3,0)+R4 -> 5 | AJ4: =IF(P4="",1.5,0) -> 1.5 | AK4: =IF(M4="",1.5,0)+IF(P4="",1.5,0)+X4/2 -> 14 | AL4: =IF(M4="",1.5,0)+S4/2+Y4/2 -> 7.5 | AM4: =SUM(AC4:AL4) -> 76 | AO4: =AC4/AC$18 -> 0.775 | AP4: =AD4/AD$18 -> 0 | AQ4: =AE4/AE$18 -> 0.61538462 | AR4: =AF4/AF$18 -> 1 | AS4: =AG4/AG$18 -> 0.84615385 | AT4: =AH4/AH$18 -> 1 | AU4: =AI4/AI$18 -> 1 | AV4: =AJ4/AJ$18 -> 1 | ... AY4: =AM4/AM$18 -> 0.76
A5: GAETE CHAVEZ ANGELO SEBASTIAN | D5: X | F5: X | P5: X | Q5: =(15-COUNTA(B5:P5))*3 -> 36 | R5: 2 | S5: 2 | U5: 2 | W5: =SUM(R5:V5) -> 6 | X5: 18 | Y5: 14 | Z5: =SUM(X5:Y5) -> 32 | AA5: =Q5+W5+Z5 -> 74 | AC5: =IF(B5="",1.5,0)+IF(D5="",3,0)+IF(G5="",1.5,0)+IF(H5="",1.5,0)+IF(I5="",3,0)+IF(K5="",3,0)+IF(L5="",1.5,0)+IF(O5="",3,0)+S5/2+U5/2 -> 17 | AD5: =IF(F5="",3,0)+T5 -> 0 | AE5: =IF(J5="",3,0)+Y5/2 -> 10 | AF5: =IF(C5="",3,0) -> 3 | AG5: =IF(B5="",1.5,0)+IF(G5="",1.5,0)+IF(H5="",1.5,0)+IF(L5="",1.5,0)+U5/2+X5/2 -> 16 | AH5: =IF(E5="",3,0)+V5 -> 3 | AI5: =IF(N5="",3,0)+R5 -> 5 | AJ5: =IF(P5="",1.5,0) -> 0 | AK5: =IF(M5="",1.5,0)+IF(P5="",1.5,0)+X5/2 -> 10.5 | AL5: =IF(M5="",1.5,0)+S5/2+Y5/2 -> 9.5 | AM5: =SUM(AC5:AL5) -> 74 | AO5: =AC5/AC$18 -> 0.85 | AP5: =AD5/AD$18 -> 0 | AQ5: =AE5/AE$18 -> 0.76923077 | AR5: =AF5/AF$18 -> 1 | AS5: =AG5/AG$18 -> 0.82051282 | AT5: =AH5/AH$18 -> 0.6 | AU5: =AI5/AI$18 -> 1 | AV5: =AJ5/AJ$18 -> 0 | ... AY5: =AM5/AM$18 -> 0.74
A6: HUENTUTRIPAI FUENTEALBA THIARE DANIELA | D6: X | E6: X | G6: X | H6: X | I6: X | Q6: =(15-COUNTA(B6:P6))*3 -> 30 | R6: 2 | S6: 2 | T6: 2 | U6: 2 | V6: 2 | W6: =SUM(R6:V6) -> 10 | X6: 19 | Y6: 13 | Z6: =SUM(X6:Y6) -> 32 | AA6: =Q6+W6+Z6 -> 72 | AC6: =IF(B6="",1.5,0)+IF(D6="",3,0)+IF(G6="",1.5,0)+IF(H6="",1.5,0)+IF(I6="",3,0)+IF(K6="",3,0)+IF(L6="",1.5,0)+IF(O6="",3,0)+S6/2+U6/2 -> 11 | AD6: =IF(F6="",3,0)+T6 -> 5 | AE6: =IF(J6="",3,0)+Y6/2 -> 9.5 | AF6: =IF(C6="",3,0) -> 3 | AG6: =IF(B6="",1.5,0)+IF(G6="",1.5,0)+IF(H6="",1.5,0)+IF(L6="",1.5,0)+U6/2+X6/2 -> 13.5 | AH6: =IF(E6="",3,0)+V6 -> 2 | AI6: =IF(N6="",3,0)+R6 -> 5 | AJ6: =IF(P6="",1.5,0) -> 1.5 | AK6: =IF(M6="",1.5,0)+IF(P6="",1.5,0)+X6/2 -> 12.5 | AL6: =IF(M6="",1.5,0)+S6/2+Y6/2 -> 9 | AM6: =SUM(AC6:AL6) -> 72 | AO6: =AC6/AC$18 -> 0.55 | AP6: =AD6/AD$18 -> 1 | AQ6: =AE6/AE$18 -> 0.73076923 | AR6: =AF6/AF$18 -> 1 | AS6: =AG6/AG$18 -> 0.69230769 | AT6: =AH6/AH$18 -> 0.4 | AU6: =AI6/AI$18 -> 1 | AV6: =AJ6/AJ$18 -> 1 | ... AY6: =AM6/AM$18 -> 0.72
A7: NAVIA BARRERA JUAN IGNACIO | D7: X | G7: X | H7: X | O7: X | Q7: =(15-COUNTA(B7:P7))*3 -> 33 | R7: 2 | U7: 2 | W7: =SUM(R7:V7) -> 4 | X7: 10 | Y7: 15 | Z7: =SUM(X7:Y7) -> 25 | AA7: =Q7+W7+Z7 -> 62 | AC7: =IF(B7="",1.5,0)+IF(D7="",3,0)+IF(G7="",1.5,0)+IF(H7="",1.5,0)+IF(I7="",3,0)+IF(K7="",3,0)+IF(L7="",1.5,0)+IF(O7="",3,0)+S7/2+U7/2 -> 10 | AD7: =IF(F7="",3,0)+T7 -> 3 | AE7: =IF(J7="",3,0)+Y7/2 -> 10.5 | AF7: =IF(C7="",3,0) -> 3 | AG7: =IF(B7="",1.5,0)+IF(G7="",1.5,0)+IF(H7="",1.5,0)+IF(L7="",1.5,0)+U7/2+X7/2 -> 9 | AH7: =IF(E7="",3,0)+V7 -> 3 | AI7: =IF(N7="",3,0)+R7 -> 5 | AJ7: =IF(P7="",1.5,0) -> 1.5 | AK7: =IF(M7="",1.5,0)+IF(P7="",1.5,0)+X7/2 -> 8 | AL7: =IF(M7="",1.5,0)+S7/2+Y7/2 -> 9 | AM7: =SUM(AC7:AL7) -> 62 | AO7: =AC7/AC$18 -> 0.5 | AP7: =AD7/AD$18 -> 0.6 | AQ7: =AE7/AE$18 -> 0.80769231 | AR7: =AF7/AF$18 -> 1 | AS7: =AG7/AG$18 -> 0.46153846 | AT7: =AH7/AH$18 -> 0.6 | AU7: =AI7/AI$18 -> 1 | AV7: =AJ7/AJ$18 -> 1 | ... AY7: =AM7/AM$18 -> 0.62
A8: NUÑEZ SOTO CRISTIÁN AUGUSTO | B8: X | E8: X | G8: X | H8: X | I8: X | O8: X | Q8: =(15-COUNTA(B8:P8))*3 -> 27 | R8: 2 | U8: 2 | W8: =SUM(R8:V8) -> 4 | X8: 19 | Y8: 15 | Z8: =SUM(X8:Y8) -> 34 | AA8: =Q8+W8+Z8 -> 65 | AC8: =IF(B8="",1.5,0)+IF(D8="",3,0)+IF(G8="",1.5,0)+IF(H8="",1.5,0)+IF(I8="",3,0)+IF(K8="",3,0)+IF(L8="",1.5,0)+IF(O8="",3,0)+S8/2+U8/2 -> 8.5 | AD8: =IF(F8="",3,0)+T8 -> 3 | AE8: =IF(J8="",3,0)+Y8/2 -> 10.5 | AF8: =IF(C8="",3,0) -> 3 | AG8: =IF(B8="",1.5,0)+IF(G8="",1.5,0)+IF(H8="",1.5,0)+IF(L8="",1.5,0)+U8/2+X8/2 -> 12 | AH8: =IF(E8="",3,0)+V8 -> 0 | AI8: =IF(N8="",3,0)+R8 -> 5 | AJ8: =IF(P8="",1.5,0) -> 1.5 | AK8: =IF(M8="",1.5,0)+IF(P8="",1.5,0)+X8/2 -> 12.5 | AL8: =IF(M8="",1.5,0)+S8/2+Y8/2 -> 9 | AM8: =SUM(AC8:AL8) -> 65 | AO8: =AC8/AC$18 -> 0.425 | AP8: =AD8/AD$18 -> 0.6 | AQ8: =AE8/AE$18 -> 0.80769231 | AR8: =AF8/AF$18 -> 1 | AS8: =AG8/AG$18 -> 0.61538462 | AT8: =AH8/AH$18 -> 0 | AU8: =AI8/AI$18 -> 1 | AV8: =AJ8/AJ$18 -> 1 | ... AY8: =AM8/AM$18 -> 0.65
A9: SALGADO VIDAL DIEGO IGNACIO | D9: X | F9: X | G9: X | H9: X | I9: X | Q9: =(15-COUNTA(B9:P9))*3 -> 30 | R9: 2 | T9: 2 | U9: 2 | W9: =SUM(R9:V9) -> 6 | X9: 13 | Y9: 14 | Z9: =SUM(X9:Y9) -> 27 | AA9: =Q9+W9+Z9 -> 63 | AC9: =IF(B9="",1.5,0)+IF(D9="",3,0)+IF(G9="",1.5,0)+IF(H9="",1.5,0)+IF(I9="",3,0)+IF(K9="",3,0)+IF(L9="",1.5,0)+IF(O9="",3,0)+S9/2+U9/2 -> 10 | AD9: =IF(F9="",3,0)+T9 -> 2 | AE9: =IF(J9="",3,0)+Y9/2 -> 10 | AF9: =IF(C9="",3,0) -> 3 | AG9: =IF(B9="",1.5,0)+IF(G9="",1.5,0)+IF(H9="",1.5,0)+IF(L9="",1.5,0)+U9/2+X9/2 -> 10.5 | AH9: =IF(E9="",3,0)+V9 -> 3 | AI9: =IF(N9="",3,0)+R9 -> 5 | AJ9: =IF(P9="",1.5,0) -> 1.5 | AK9: =IF(M9="",1.5,0)+IF(P9="",1.5,0)+X9/2 -> 9.5 | AL9: =IF(M9="",1.5,0)+S9/2+Y9/2 -> 8.5 | AM9: =SUM(AC9:AL9) -> 63 | AO9: =AC9/AC$18 -> 0.5 | AP9: =AD9/AD$18 -> 0.4 | AQ9: =AE9/AE$18 -> 0.76923077 | AR9: =AF9/AF$18 -> 1 | AS9: =AG9/AG$18 -> 0.53846154 | AT9: =AH9/AH$18 -> 0.6 | AU9: =AI9/AI$18 -> 1 | AV9: =AJ9/AJ$18 -> 1 | ... AY9: =AM9/AM$18 -> 0.63
A10: VASQUEZ GOMEZ NICOLAS HERNAN | D10: X | H10: X | I10: X | Q10: =(15-COUNTA(B10:P10))*3 -> 36 | R10: 2 | S10: 2 | U10: 2 | W10: =SUM(R10:V10) -> 6 | X10: 17 | Y10: 19 | Z10: =SUM(X10:Y10) -> 36 | AA10: =Q10+W10+Z10 -> 78 | AC10: =IF(B10="",1.5,0)+IF(D10="",3,0)+IF(G10="",1.5,0)+IF(H10="",1.5,0)+IF(I10="",3,0)+IF(K10="",3,0)+IF(L10="",1.5,0)+IF(O10="",3,0)+S10/2+U10/2 -> 12.5 | AD10: =IF(F10="",3,0)+T10 -> 3 | AE10: =IF(J10="",3,0)+Y10/2 -> 12.5 | AF10: =IF(C10="",3,0) -> 3 | AG10: =IF(B10="",1.5,0)+IF(G10="",1.5,0)+IF(H10="",1.5,0)+IF(L10="",1.5,0)+U10/2+X10/2 -> 14 | AH10: =IF(E10="",3,0)+V10 -> 3 | AI10: =IF(N10="",3,0)+R10 -> 5 | AJ10: =IF(P10="",1.5,0) -> 1.5 | AK10: =IF(M10="",1.5,0)+IF(P10="",1.5,0)+X10/2 -> 11.5 | AL10: =IF(M10="",1.5,0)+S10/2+Y10/2 -> 12 | AM10: =SUM(AC10:AL10) -> 78 | AO10: =AC10/AC$18 -> 0.625 | AP10: =AD10/AD$18 -> 0.6 | AQ10: =AE10/AE$18 -> 0.96153846 | AR10: =AF10/AF$18 -> 1 | AS10: =AG10/AG$18 -> 0.71794872 | AT10: =AH10/AH$18 -> 0.6 | AU10: =AI10/AI$18 -> 1 | AV10: =AJ10/AJ$18 -> 1 | ... AY10: =AM10/AM$18 -> 0.78
A11: VEROIZA AVELLO FELIPE ANDRÉS | G11: X | Q11: =(15-COUNTA(B11:P11))*3 -> 42 | R11: 2 | T11: 2 | U11: 2 | V11: 2 | W11: =SUM(R11:V11) -> 8 | X11: 14 | Y11: 20 | Z11: =SUM(X11:Y11) -> 34 | AA11: =Q11+W11+Z11 -> 84 | AC11: =IF(B11="",1.5,0)+IF(D11="",3,0)+IF(G11="",1.5,0)+IF(H11="",1.5,0)+IF(I11="",3,0)+IF(K11="",3,0)+IF(L11="",1.5,0)+IF(O11="",3,0)+S11/2+U11/2 -> 17.5 | AD11: =IF(F11="",3,0)+T11 -> 5 | AE11: =IF(J11="",3,0)+Y11/2 -> 13 | AF11: =IF(C11="",3,0) -> 3 | AG11: =IF(B11="",1.5,0)+IF(G11="",1.5,0)+IF(H11="",1.5,0)+IF(L11="",1.5,0)+U11/2+X11/2 -> 12.5 | AH11: =IF(E11="",3,0)+V11 -> 5 | AI11: =IF(N11="",3,0)+R11 -> 5 | AJ11: =IF(P11="",1.5,0) -> 1.5 | AK11: =IF(M11="",1.5,0)+IF(P11="",1.5,0)+X11/2 -> 10 | AL11: =IF(M11="",1.5,0)+S11/2+Y11/2 -> 11.5 | AM11: =SUM(AC11:AL11) -> 84 | AO11: =AC11/AC$18 -> 0.875 | AP11: =AD11/AD$18 -> 1 | AQ11: =AE11/AE$18 -> 1 | AR11: =AF11/AF$18 -> 1 | AS11: =AG11/AG$18 -> 0.64102564 | AT11: =AH11/AH$18 -> 1 | AU11: =AI11/AI$18 -> 1 | AV11: =AJ11/AJ$18 -> 1 | ... AY11: =AM11/AM$18 -> 0.84
A12: ZULOAGA RIVERA ALONSO ANTONIO | D12: X | G12: X | H12: X | Q12: =(15-COUNTA(B12:P12))*3 -> 36 | R12: 2 | T12: 1 | U12: 2 | V12: 2 | W12: =SUM(R12:V12) -> 7 | X12: 12 | Y12: 9 | Z12: =SUM(X12:Y12) -> 21 | AA12: =Q12+W12+Z12 -> 64 | AC12: =IF(B12="",1.5,0)+IF(D12="",3,0)+IF(G12="",1.5,0)+IF(H12="",1.5,0)+IF(I12="",3,0)+IF(K12="",3,0)+IF(L12="",1.5,0)+IF(O12="",3,0)+S12/2+U12/2 -> 13 | AD12: =IF(F12="",3,0)+T12 -> 4 | AE12: =IF(J12="",3,0)+Y12/2 -> 7.5 | AF12: =IF(C12="",3,0) -> 3 | AG12: =IF(B12="",1.5,0)+IF(G12="",1.5,0)+IF(H12="",1.5,0)+IF(L12="",1.5,0)+U12/2+X12/2 -> 10 | AH12: =IF(E12="",3,0)+V12 -> 5 | AI12: =IF(N12="",3,0)+R12 -> 5 | AJ12: =IF(P12="",1.5,0) -> 1.5 | AK12: =IF(M12="",1.5,0)+IF(P12="",1.5,0)+X12/2 -> 9 | AL12: =IF(M12="",1.5,0)+S12/2+Y12/2 -> 6 | AM12: =SUM(AC12:AL12) -> 64 | AO12: =AC12/AC$18 -> 0.65 | AP12: =AD12/AD$18 -> 0.8 | AQ12: =AE12/AE$18 -> 0.57692308 | AR12: =AF12/AF$18 -> 1 | AS12: =AG12/AG$18 -> 0.51282051 | AT12: =AH12/AH$18 -> 1 | AU12: =AI12/AI$18 -> 1 | AV12: =AJ12/AJ$18 -> 1 | ... AY12: =AM12/AM$18 -> 0.64
A13: ZUÑIGA FICA ROBERTO NICOLÁS | D13: X | F13: X | H13: X | L13: X | Q13: =(15-COUNTA(B13:P13))*3 -> 33 | R13: 2 | T13: 1 | U13: 2 | W13: =SUM(R13:V13) -> 5 | X13: 12 | Y13: 14 | Z13: =SUM(X13:Y13) -> 26 | AA13: =Q13+W13+Z13 -> 64 | AC13: =IF(B13="",1.5,0)+IF(D13="",3,0)+IF(G13="",1.5,0)+IF(H13="",1.5,0)+IF(I13="",3,0)+IF(K13="",3,0)+IF(L13="",1.5,0)+IF(O13="",3,0)+S13/2+U13/2 -> 13 | AD13: =IF(F13="",3,0)+T13 -> 1 | AE13: =IF(J13="",3,0)+Y13/2 -> 10 | AF13: =IF(C13="",3,0) -> 3 | AG13: =IF(B13="",1.5,0)+IF(G13="",1.5,0)+IF(H13="",1.5,0)+IF(L13="",1.5,0)+U13/2+X13/2 -> 10 | AH13: =IF(E13="",3,0)+V13 -> 3 | AI13: =IF(N13="",3,0)+R13 -> 5 | AJ13: =IF(P13="",1.5,0) -> 1.5 | AK13: =IF(M13="",1.5,0)+IF(P13="",1.5,0)+X13/2 -> 9 | AL13: =IF(M13="",1.5,0)+S13/2+Y13/2 -> 8.5 | AM13: =SUM(AC13:AL13) -> 64 | AO13: =AC13/AC$18 -> 0.65 | AP13: =AD13/AD$18 -> 0.2 | AQ13: =AE13/AE$18 -> 0.76923077 | AR13: =AF13/AF$18 -> 1 | AS13: =AG13/AG$18 -> 0.51282051 | AT13: =AH13/AH$18 -> 0.6 | AU13: =AI13/AI$18 -> 1 | AV13: =AJ13/AJ$18 -> 1 | ... AY13: =AM13/AM$18 -> 0.64
B15: 1 | C15: 2 | D15: 3 | E15: 4 | F15: 5 | G15: 6 | H15: 7 | I15: 8 | J15: 9 | K15: 10 | L15: 11 | M15: 12 | N15: 13 | O15: 14 | P15: 15 | AC15: PUNTAJES MÁXIMOS
A16: ZUÑIGA FICA ROBERTO NICOLÁS | B16: =IF(VLOOKUP($A$16,$A$1:$Z$13,B$15+1,0)="",3,0) -> 3 | C16: =IF(VLOOKUP($A$16,$A$1:$Z$13,C$15+1,0)="",3,0) -> 3 | D16: =IF(VLOOKUP($A$16,$A$1:$Z$13,D$15+1,0)="",3,0) -> 0 | E16: =IF(VLOOKUP($A$16,$A$1:$Z$13,E$15+1,0)="",3,0) -> 3 | F16: =IF(VLOOKUP($A$16,$A$1:$Z$13,F$15+1,0)="",3,0) -> 0 | G16: =IF(VLOOKUP($A$16,$A$1:$Z$13,G$15+1,0)="",3,0) -> 3 | H16: =IF(VLOOKUP($A$16,$A$1:$Z$13,H$15+1,0)="",3,0) -> 0 | I16: =IF(VLOOKUP($A$16,$A$1:$Z$13,I$15+1,0)="",3,0) -> 3 | ... P16: =IF(VLOOKUP($A$16,$A$1:$Z$13,P$15+1,0)="",3,0) -> 3 | AC16: R4.1 | AE16: R4.2 | AG16: R4.3 | AH16: R4.4 | AI16: R4.5 | AM16: TOTAL
B17: =VLOOKUP($A$16,$A$1:$Z$13,B$15+17,0) -> 2 | C17: =VLOOKUP($A$16,$A$1:$Z$13,C$15+17,0) -> 0 | D17: =VLOOKUP($A$16,$A$1:$Z$13,D$15+17,0) -> 1 | E17: =VLOOKUP($A$16,$A$1:$Z$13,E$15+17,0) -> 2 | F17: =VLOOKUP($A$16,$A$1:$Z$13,F$15+17,0) -> 0 | AC17: IE 1 | AD17: IE2 | AE17: IE 1 | AF17: IE2 | AG17: IE 3 | AH17: IE 1 | AI17: IE 1 | AJ17: IE2 | AK17: IE 3 | AL17: IE4
B18: =VLOOKUP($A$16,$A$1:$Z$13,F$15+19,0) -> 12 | C18: =VLOOKUP($A$16,$A$1:$Z$13,G$15+19,0) -> 14 | H18: =SUM(B16:P16,B17:F17,B18:C18) -> 64 | M18: =VLOOKUP($A$16,Puntajes!$A$1:$I$13,6,0) -> 0 | N18: =VLOOKUP($A$16,Puntajes!$A$1:$I$13,7,0) -> 0 | O18: =VLOOKUP($A$16,Puntajes!$A$1:$I$13,8,0) -> 1 | P18: =VLOOKUP($A$16,Puntajes!$A$1:$I$13,9,0) -> 0 | AB18: PUNTAJES | AC18: 20 | AD18: 5 | AE18: 13 | AF18: 3 | AG18: 19.5 | AH18: 5 | AI18: 5 | AJ18: 1.5 | AK18: 15.5 | AL18: 12.5 | AM18: =SUM(AC18:AL18) -> 100
H19: =VLOOKUP($A$16,Puntajes!A:K,10,0) -> 65 | J19: =VLOOKUP($A$16,Puntajes!A:K,11,0) -> 4.4 | AB19: PREGUNTAS | AC19: 10 | AD19: 2 | AE19: 2 | AF19: 1 | AG19: 6 | AH19: 2 | AI19: 5 | AJ19: 1 | AK19: 3 | AL19: 3 | AM19: =SUM(AC19:AL19) -> 35

Sheet Notas
A1: Puntaje | B1: Nota
A2: 0 | B2: 1
A3: 1 | B3: 1.1
A4: 2 | B4: 1.1
A5: 3 | B5: 1.2
A6: 4 | B6: 1.2
A7: 5 | B7: 1.3
A8: 6 | B8: 1.3
A9: 7 | B9: 1.4
A10: 8 | B10: 1.4
A11: 9 | B11: 1.5
A12: 10 | B12: 1.5
A13: 11 | B13: 1.6
... A102: 100 | B102: 7
